post_id,author
"오늘은 8월13일, 시간은 오후 5시50분 
DONE!!!! ",test_user
"음 이제 다음은 뭐할까
",test_user
"오늘은 8월13일, 시간은 오후 5시50분 
DONE!!!! ",test_user
"음 이제 다음은 뭐할까
",test_user
"오늘은 8월13일, 시간은 오후 5시50분 
DONE!!!! ",test_user
"오늘은 8월13일, 시간은 오후 5시50분 
DONE!!!! ",test_user
"오늘은 8월13일, 시간은 오후 5시50분 
DONE!!!! ",test_user
"오늘은 8월13일, 시간은 오후 5시50분 
DONE!!!! ",test_user
"오늘은 8월13일, 시간은 오후 5시50분 
DONE!!!! ",current_user
"오늘은 8월13일, 시간은 오후 5시50분 
DONE!!!! ",current_user
"오늘은 8월13일, 시간은 오후 5시50분 
DONE!!!! ",current_user
sadf,current_user
sadf,current_user
sadfasdf,current_user
sadf,current_user
sadf,current_user
sadfasdf,current_user
sadfasdf,current_user
"오늘은 8월13일, 시간은 오후 5시50분 
DONE!!!! ",current_user
"오늘은 8월13일, 시간은 오후 5시50분 
DONE!!!! ",current_user
"오늘은 8월13일, 시간은 오후 5시50분 
DONE!!!! ",current_user
